,Province,StationId,Station Name,Longitude (x),Latitude (y),Elevation (m)
0,NEWFOUNDLAND,52541,WABUSH A,-66.86,52.92,551.4
1,NEWFOUNDLAND,51918,MARY'S HARBOUR A,-55.85,52.3,10.6
2,NEWFOUNDLAND,55078,HAPPY VALLEY GOOSE BAY,-60.56,53.41,38.0
3,NEWFOUNDLAND,6777,GOOSE BAY A,-60.42,53.32,48.8
4,NEWFOUNDLAND,49629,CHURCHILL FALLS A,-64.11,53.56,439.5
5,NEWFOUNDLAND,53958,CARTWRIGHT A,-57.04,53.68,14.3
6,NEWFOUNDLAND,45307,WRECKHOUSE,-59.31,47.71,31.7
7,NEWFOUNDLAND,54898,WINTERLAND BRANCH HILL,-55.33,47.14,29.26
8,NEWFOUNDLAND,7083,TWILLINGATE (AUT),-54.8,49.68,92.3
9,NEWFOUNDLAND,27142,TERRA NOVA NAT PARK CS,-53.97,48.56,106.7
10,NEWFOUNDLAND,47607,STEPHENVILLE RCS,-58.57,48.56,58.0
11,NEWFOUNDLAND,52759,STEPHENVILLE A,-58.55,48.54,24.7
12,NEWFOUNDLAND,45567,ST LAWRENCE,-55.38,46.92,48.5
13,NEWFOUNDLAND,48871,ST JOHNS WEST CLIMATE,-52.78,47.51,110.0
14,NEWFOUNDLAND,50089,ST. JOHN'S INTL A,-52.75,47.62,140.5
15,NEWFOUNDLAND,48348,ST. ANTHONY A,-56.07,51.39,32.9
16,NEWFOUNDLAND,54640,PORT AUX BASQUES,-59.15,47.57,39.7
17,NEWFOUNDLAND,50678,MILLERTOWN RCS,-56.54,48.82,203.6
18,NEWFOUNDLAND,6669,LETHBRIDGE,-53.9,48.35,15.2
19,NEWFOUNDLAND,6668,LA SCIE,-55.67,49.92,194.0
20,NEWFOUNDLAND,30346,GANDER AIRPORT CS,-54.57,48.95,151.0
21,NEWFOUNDLAND,50088,GANDER INTL A,-54.57,48.94,151.2
22,NEWFOUNDLAND,9034,FEROLLE POINT (AUT),-57.1,51.02,5.8
23,NEWFOUNDLAND,50068,DEER LAKE A,-57.39,49.21,21.9
24,NEWFOUNDLAND,54638,DANIEL'S HARBOUR,-57.58,50.24,19.0
25,NEWFOUNDLAND,6610,CORNER BROOK,-57.95,48.95,4.6
26,NEWFOUNDLAND,6933,CORNER BROOK,-57.92,48.93,151.8
27,NEWFOUNDLAND,50677,CORMACK RCS,-57.39,49.32,165.8
28,NEWFOUNDLAND,6590,CAPE RACE (AUT),-53.08,46.66,26.5
29,NEWFOUNDLAND,6586,BURNT POND,-57.33,48.17,298.7
30,NEWFOUNDLAND,45287,BURGEO NL,-57.62,47.62,10.6
31,NEWFOUNDLAND,45047,BONAVISTA,-53.11,48.67,25.6
32,NEWFOUNDLAND,6561,BADGER (AUT),-56.07,48.97,102.7
33,PRINCE EDWARD ISLAND,30308,HARRINGTON CDA CS,-63.17,46.34,53.0
34,PRINCE EDWARD ISLAND,10800,SUMMERSIDE,-63.84,46.44,12.2
35,PRINCE EDWARD ISLAND,6545,STANHOPE,-63.08,46.42,3.0
36,PRINCE EDWARD ISLAND,41903,ST. PETERS,-62.58,46.45,29.7
37,PRINCE EDWARD ISLAND,10814,NORTH CAPE,-64.0,47.06,7.6
38,PRINCE EDWARD ISLAND,6537,NEW GLASGOW,-63.35,46.41,6.1
39,PRINCE EDWARD ISLAND,7177,EAST POINT (AUT),-61.99,46.46,7.7
40,PRINCE EDWARD ISLAND,50621,CHARLOTTETOWN A,-63.12,46.29,50.9
41,NOVA SCOTIA,50133,YARMOUTH A,-66.09,43.83,42.9
42,NOVA SCOTIA,50408,YARMOUTH RCS,-66.09,43.83,36.0
43,NOVA SCOTIA,6501,WESTERN HEAD,-64.66,43.99,10.06
44,NOVA SCOTIA,6497,WATERVILLE CAMBRIDGE,-64.65,45.05,30.6
45,NOVA SCOTIA,41575,TRACADIE,-61.68,45.61,66.67
46,NOVA SCOTIA,44503,SYDNEY CS,-60.04,46.16,62.5
47,NOVA SCOTIA,52518,SYDNEY A,-60.05,46.16,61.9
48,NOVA SCOTIA,54603,SHELBURNE SANDY POINT,-65.32,43.7,46.03
49,NOVA SCOTIA,10945,SHEARWATER JETTY,-63.52,44.63,5.5
50,NOVA SCOTIA,47187,SHEARWATER RCS,-63.51,44.63,24.0
51,NOVA SCOTIA,54639,SABLE ISLAND,-60.01,43.93,1.2
52,NOVA SCOTIA,52202,SABLE ISLAND A,-59.96,43.93,1.2
53,NOVA SCOTIA,48668,PORT HAWKESBURY,-61.37,45.66,114.9
54,NOVA SCOTIA,43183,PARRSBORO,-64.35,45.41,30.89
55,NOVA SCOTIA,44363,UPPER STEWIACKE RCS,-63.06,45.23,23.5
56,NOVA SCOTIA,27592,NORTH MOUNTAIN CS,-60.67,46.82,439.4
57,NOVA SCOTIA,10661,NORTHEAST MARGAREE (AUT),-60.98,46.37,54.0
58,NOVA SCOTIA,42083,NAPPAN AUTO,-64.24,45.76,19.8
59,NOVA SCOTIA,30668,MALAY FALLS,-62.48,44.98,39.6
60,NOVA SCOTIA,54578,LOUISBOURG,-59.97,45.92,15.0
61,NOVA SCOTIA,27141,KENTVILLE CDA CS,-64.48,45.07,48.7
62,NOVA SCOTIA,6923,KEJIMKUJIK 1,-65.2,44.4,125.0
63,NOVA SCOTIA,30326,INGONISH BEACH RCS,-60.41,46.66,10.0
64,NOVA SCOTIA,43403,HALIFAX WINDSOR PARK,-63.61,44.66,51.0
65,NOVA SCOTIA,43124,HALIFAX KOOTENAY,-63.55,44.59,52.0
66,NOVA SCOTIA,50620,HALIFAX STANFIELD INT'L A,-63.51,44.88,145.4
67,NOVA SCOTIA,50208,EMERGENCY WEATHER STATION #2,-64.46,44.73,135.0
68,NOVA SCOTIA,6354,GREENWOOD A,-64.92,44.98,28.0
69,NOVA SCOTIA,49748,ESKASONI FIRST NATION AUTOMATIC WEATHER STATION,-60.65,45.92,28.0
70,NOVA SCOTIA,42243,DEBERT,-63.47,45.42,37.5
71,NOVA SCOTIA,53538,COLLEGEVILLE AUTO,-62.01,45.49,69.0
72,NOVA SCOTIA,54618,CHETICAMP HIGHLANDS NATIONAL PARK,-60.95,46.65,8.0
73,NOVA SCOTIA,8990,CARIBOU POINT (AUT),-62.68,45.77,2.4
74,NOVA SCOTIA,10859,BRIER ISLAND,-66.35,44.29,15.8
75,NOVA SCOTIA,43123,BEDFORD RANGE,-63.66,44.75,9.6
76,NOVA SCOTIA,46007,BACCARO PT,-65.47,43.45,4.6
77,NEW BRUNSWICK,53238,WOODSTOCK NEWBRIDGE,-67.54,46.15,154.0
78,NEW BRUNSWICK,54078,SUSSEX FOUR CORNERS,-65.53,45.74,47.0
79,NEW BRUNSWICK,43383,ST. STEPHEN,-67.25,45.21,26.1
80,NEW BRUNSWICK,50310,SAINT JOHN A,-65.89,45.32,108.8
81,NEW BRUNSWICK,48768,RED PINES,-65.6,47.44,124.0
82,NEW BRUNSWICK,27746,POINT LEPREAU CS,-66.45,45.07,6.0
83,NEW BRUNSWICK,49868,OAK POINT,-66.1,45.51,11.0
84,NEW BRUNSWICK,50309,MONCTON/GREATER MONCTON ROMEO LEBLANC INTL A,-64.68,46.11,70.7
85,NEW BRUNSWICK,6205,MISCOU ISLAND (AUT),-64.49,48.01,4.0
86,NEW BRUNSWICK,45090,MECHANIC SETTLEMENT,-65.17,45.69,403.0
87,NEW BRUNSWICK,54538,KOUCHIBOUGUAC,-65.01,46.79,21.0
88,NEW BRUNSWICK,30598,GRAND MANAN SAR CS,-66.8,44.71,78.2
89,NEW BRUNSWICK,6919,FUNDY PARK (ALMA) CS,-64.95,45.6,42.7
90,NEW BRUNSWICK,30309,FREDERICTON CDA CS,-66.61,45.92,35.08
91,NEW BRUNSWICK,48568,FREDERICTON INTL A,-66.54,45.87,20.7
92,NEW BRUNSWICK,43323,EDMUNDSTON,-68.32,47.42,154.2
93,NEW BRUNSWICK,51537,DOAKTOWN AUTO RCS,-66.01,46.59,43.0
94,NEW BRUNSWICK,10808,MIRAMICHI RCS,-65.47,47.01,33.0
95,NEW BRUNSWICK,42103,CHARLO AUTO,-66.33,47.99,42.0
96,NEW BRUNSWICK,54283,BATHURST A,-65.74,47.63,58.8
97,NEW BRUNSWICK,6915,BAS CARAQUET,-64.83,47.8,5.0
98,NEW BRUNSWICK,6109,AROOSTOOK,-67.72,46.71,80.0
99,QUEBEC,54878,SCHEFFERVILLE COTE-NORD,-66.8,54.8,517.2
100,QUEBEC,49649,SCHEFFERVILLE A,-66.81,54.81,520.9
101,QUEBEC,52378,SALLUIT,-75.67,62.18,228.0
102,QUEBEC,44143,RIVIERE AUX FEUILLES,-72.98,57.91,171.39
103,QUEBEC,52179,KUUJJUAQ A,-68.42,58.09,39.9
104,QUEBEC,30166,INUKJUAK,-78.08,58.47,26.21
105,QUEBEC,52038,PUVIRNITUQ A,-77.29,60.05,25.3
106,QUEBEC,53978,KUUJJUARAPIK,-77.57,55.37,30.0
107,QUEBEC,52201,KUUJJUARAPIK A,-77.77,55.28,12.2
108,QUEBEC,48974,INUKJUAK A,-78.08,58.47,25.3
109,QUEBEC,6005,LAC BERRY,-78.28,48.8,305.0
110,QUEBEC,49390,VAL D'OR A,-77.78,48.05,337.4
111,QUEBEC,30172,VAL-D'OR,-77.79,48.06,338.88
112,QUEBEC,10791,MATAGAMI,-77.79,49.76,281.03
113,QUEBEC,49491,MATAGAMI A,-77.8,49.76,279.8
114,QUEBEC,44204,LA GRANDE IV,-73.68,53.76,302.8
115,QUEBEC,50822,LA GRANDE RIVIERE A,-77.7,53.63,194.8
116,QUEBEC,49648,LA GRANDE 4 A,-73.68,53.75,306.3
117,QUEBEC,54599,CHIBOUGAMAU-CHAPAIS,-74.53,49.78,381.0
118,QUEBEC,53019,CHIBOUGAMAU CHAPAIS A,-74.53,49.77,387.1
119,QUEBEC,27443,CHAPAIS,-74.98,49.82,381.1
120,QUEBEC,10849,ROUYN,-79.03,48.25,318.0
121,QUEBEC,5988,MONT BRUN,-78.73,48.42,304.8
122,QUEBEC,5977,BARRAGE TEMISCAMINGUE,-79.1,46.71,181.4
123,QUEBEC,10875,LA TUQUE,-72.79,47.41,168.9
124,QUEBEC,48188,SAINT-MICHEL-DES-SAINTS,-74.09,46.82,429.9
125,QUEBEC,5969,ST MICHEL DES SAINTS,-73.92,46.68,350.5
126,QUEBEC,5966,PARENT,-74.62,47.92,444.71
127,QUEBEC,5940,ST PRIME,-72.42,48.62,121.9
128,QUEBEC,5936,ST AMBROISE,-71.33,48.57,121.9
129,QUEBEC,52080,ROBERVAL A,-72.27,48.52,178.6
130,QUEBEC,27294,ONATCHIWAY,-71.03,48.89,304.0
131,QUEBEC,10872,NORMANDIN,-72.55,48.84,137.2
132,QUEBEC,10797,MISTOOK,-71.72,48.6,112.5
133,QUEBEC,5911,JONQUIERE,-71.14,48.43,135.62
134,QUEBEC,10874,BONNARD 1,-71.01,50.73,498.0
135,QUEBEC,5889,BAGOTVILLE A,-71.0,48.33,159.1
136,QUEBEC,27195,CAP-CHAT,-66.65,49.11,5.0
137,QUEBEC,5861,SAINT MICHEL,-70.88,46.87,69.0
138,QUEBEC,5858,STE LUCIE,-70.02,46.73,373.0
139,QUEBEC,5857,ST JEAN DE CHERBOURG,-67.12,48.88,350.5
140,QUEBEC,5846,ST CAMILLE,-70.22,46.48,396.0
141,QUEBEC,8539,RIVIERE-DU-LOUP,-69.55,47.81,146.5
142,QUEBEC,8536,PORT-MENIER,-64.29,49.84,55.2
143,QUEBEC,27194,POINTE-AU-PERE (INRS),-68.47,48.51,4.9
144,QUEBEC,54559,NEW RICHMOND EAST,-65.84,48.16,2.0
145,QUEBEC,10898,NEW CARLISLE 1,-65.33,48.01,46.4
146,QUEBEC,54118,MONT-JOLI,-68.19,48.6,55.0
147,QUEBEC,50841,MONT JOLI A,-68.21,48.61,52.4
148,QUEBEC,26893,LA POCATIERE,-70.03,47.36,31.0
149,QUEBEC,10763,ILES DE LA MADELEINE,-61.77,47.43,7.6
150,QUEBEC,5803,LAC HUMQUI,-67.57,48.28,235.9
151,QUEBEC,54918,GASPE AIRPORT,-64.48,48.78,36.0
152,QUEBEC,51297,GASPE A,-64.48,48.78,34.1
153,QUEBEC,54558,CAUSAPSCAL AIRPORT,-67.25,48.31,123.0
154,QUEBEC,8999,CAP-MADELEINE,-65.32,49.25,29.0
155,QUEBEC,5779,CAP DES ROSIERS,-64.2,48.85,15.0
156,QUEBEC,26889,BAIE-COMEAU,-68.15,49.26,129.5
157,QUEBEC,5650,RIVIERE AU TONNERRE,-64.78,50.28,15.2
158,QUEBEC,9029,POINTE-DES-MONTS,-67.38,49.32,5.9
159,QUEBEC,42683,SEPT-ILES,-66.25,50.22,52.6
160,QUEBEC,30168,NATASHQUAN AIRPORT,-61.81,50.19,11.7
161,QUEBEC,48971,NATASHQUAN A,-61.79,50.19,11.9
162,QUEBEC,10977,LONGUE-POINTE-DE-MINGAN,-64.23,50.27,11.0
163,QUEBEC,5701,LES BUISSONS,-68.38,49.12,15.0
164,QUEBEC,8674,ILE ROUGE,-69.56,48.07,5.9
165,QUEBEC,48970,HAVRE ST. PIERRE,-63.61,50.28,37.8
166,QUEBEC,54698,GRANDES-BERGERONNES,-69.52,48.26,61.0
167,QUEBEC,32413,FORET MONTMORENCY RCS,-71.15,47.32,672.8
168,QUEBEC,10869,CAP-TOURMENTE,-70.78,47.08,6.0
169,QUEBEC,8456,CHEVERY,-59.64,50.47,7.7
170,QUEBEC,27442,CHARLEVOIX (MRC),-70.64,47.28,722.74
171,QUEBEC,53140,LOURDES DE BLANC SABLON A,-57.19,51.44,37.2
172,QUEBEC,48968,BAIE-COMEAU,-68.2,49.13,21.6
173,QUEBEC,30173,BAIE-COMEAU A,-68.2,49.13,21.6
174,QUEBEC,10868,ST-JOVITE,-74.56,46.08,238.5
175,QUEBEC,5642,WRIGHT,-76.05,46.07,141.7
176,QUEBEC,5631,ST JEROME,-74.05,45.8,169.5
177,QUEBEC,5630,ST HIPPOLYTE,-74.0,45.98,365.8
178,QUEBEC,5619,NOTRE DAME DE LA PAIX,-74.98,45.8,183.0
179,QUEBEC,5606,MANIWAKI AIRPORT,-75.99,46.27,199.7
180,QUEBEC,5604,LUSKVILLE,-76.05,45.53,68.9
181,QUEBEC,5599,LA MACAZA,-74.77,46.37,243.8
182,QUEBEC,5594,LACHUTE,-74.33,45.65,91.4
183,QUEBEC,5586,CHENEVILLE,-75.08,45.9,222.5
184,QUEBEC,5585,CHELSEA,-75.78,45.52,112.5
185,QUEBEC,5584,CHARTERIS,-76.43,45.68,168.0
186,QUEBEC,5575,ARUNDEL,-74.62,45.95,191.4
187,QUEBEC,30165,MONTREAL/PIERRE ELLIOTT TRUDEAU INTL,-73.74,45.47,32.1
188,QUEBEC,10843,L'ACADIE,-73.35,45.29,43.8
189,QUEBEC,5300,ST CAMILLE WOLFE,-71.73,45.67,268.2
190,QUEBEC,10982,ST-ANICET 1,-74.29,45.12,49.1
191,QUEBEC,10873,STE-ANNE-DE-BELLEVUE 1,-73.93,45.43,39.0
192,QUEBEC,26777,BEAUCEVILLE,-70.79,46.21,229.2
193,QUEBEC,5564,VERCHERES,-73.37,45.77,21.0
194,QUEBEC,45309,THETFORD MINES RCS,-71.27,46.05,430.0
195,QUEBEC,5542,THETFORD MINES,-71.35,46.1,381.0
196,QUEBEC,5532,SOREL,-73.12,46.03,14.6
197,QUEBEC,48371,SHERBROOKE,-71.69,45.44,241.4
198,QUEBEC,5527,SCOTT,-71.08,46.5,144.8
199,QUEBEC,5510,ST PROSPER,-70.5,46.22,281.9
200,QUEBEC,5509,ST PIERRE DE BROUGHTON,-71.22,46.25,365.8
201,QUEBEC,5502,ST MALO D AUCKLAND,-71.5,45.2,564.0
202,QUEBEC,5500,ST LUDGER,-70.68,45.75,335.0
203,QUEBEC,47587,SAINT-GERMAIN-DE-GRANTHAM,-72.54,45.83,85.0
204,QUEBEC,5492,ST HYACINTHE 2,-72.92,45.57,33.0
205,QUEBEC,48374,MONTREAL/ST-HUBERT,-73.42,45.52,27.4
206,QUEBEC,5485,ST GEORGES,-70.7,46.15,167.6
207,QUEBEC,5457,ST COME DE LINIERE,-70.52,46.05,243.8
208,QUEBEC,10762,STE-CLOTILDE,-73.68,45.17,53.0
209,QUEBEC,55158,SAINT-CAMILLE-DE-LELLIS,-70.21,46.49,402.0
210,QUEBEC,5452,ST BERNARD DE LACOLLE,-73.38,45.08,49.3
211,QUEBEC,5448,ST ANICET,-74.35,45.13,53.3
212,QUEBEC,5441,RIVIERE DES PRAIRIES,-73.5,45.7,9.0
213,QUEBEC,5440,RICHMOND,-72.13,45.63,123.1
214,QUEBEC,5432,PIERREVILLE,-72.83,46.08,15.2
215,QUEBEC,5429,ORMSTOWN,-74.05,45.12,45.7
216,QUEBEC,10732,NICOLET,-72.66,46.23,8.0
217,QUEBEC,51157,MONTREAL INTL A,-73.74,45.47,36.0
218,QUEBEC,10761,MCTAVISH,-73.58,45.5,72.8
219,QUEBEC,5406,MARIEVILLE,-73.13,45.4,38.0
220,QUEBEC,5401,MAGOG,-72.12,45.27,274.0
221,QUEBEC,5398,LINGWICK,-71.37,45.63,266.7
222,QUEBEC,5397,LENNOXVILLE,-71.82,45.37,181.0
223,QUEBEC,5393,LAUZON,-71.1,46.82,69.0
224,QUEBEC,5392,LAURIERVILLE,-71.67,46.33,152.0
225,QUEBEC,5389,LAPRAIRIE,-73.43,45.38,30.0
226,QUEBEC,54938,NANTES,-70.93,45.61,477.0
227,QUEBEC,5373,HEMMINGFORD FOUR WINDS,-73.72,45.07,61.0
228,QUEBEC,42013,GRANBY,-72.77,45.37,86.0
229,QUEBEC,5369,GRANBY,-72.72,45.38,175.0
230,QUEBEC,10815,FRELIGHSBURG,-72.85,45.03,224.0
231,QUEBEC,5362,FORTIERVILLE,-72.05,46.48,53.3
232,QUEBEC,5361,FLEURY,-73.0,45.8,30.5
233,QUEBEC,5358,FARNHAM,-72.9,45.3,68.0
234,QUEBEC,5345,DANVILLE,-71.98,45.82,190.0
235,QUEBEC,5339,COATICOOK,-71.8,45.15,259.1
236,QUEBEC,5322,BONSECOURS,-72.27,45.4,297.2
237,QUEBEC,5310,ARTHABASKA,-71.95,46.02,140.0
238,QUEBEC,26892,QUEBEC/JEAN LESAGE INTL,-71.38,46.8,60.0
239,QUEBEC,29714,LEMIEUX,-72.06,46.3,97.2
240,QUEBEC,27377,STE-FOY (U. LAVAL),-71.29,46.78,91.4
241,QUEBEC,5203,LAC AUX SABLES,-72.4,46.87,160.0
242,QUEBEC,8321,TROIS-RIVIERES,-72.68,46.37,62.2
243,QUEBEC,51698,TROIS RIVIERES A,-72.68,46.35,60.7
244,QUEBEC,27646,SHAWINIGAN,-72.73,46.56,110.0
245,QUEBEC,5266,STE CHRISTINE,-71.92,46.82,152.1
246,QUEBEC,5262,ST CHARLES DE MANDEVILLE,-73.35,46.35,167.6
247,QUEBEC,5259,STE BEATRIX,-73.6,46.2,198.0
248,QUEBEC,5257,STE ANNE DE LA PERADE,-72.23,46.58,16.0
249,QUEBEC,5256,ST ALEXIS DES MONTS,-73.15,46.53,183.0
250,QUEBEC,5255,ST ALBAN,-72.08,46.72,76.2
251,QUEBEC,5252,RIGAUD,-74.37,45.5,46.0
252,QUEBEC,10871,L'ETAPE,-71.23,47.56,791.2
253,QUEBEC,5248,OKA,-74.07,45.5,91.4
254,QUEBEC,5243,LOUISEVILLE,-73.02,46.27,45.0
255,QUEBEC,5239,LES CEDRES,-74.05,45.3,47.2
256,QUEBEC,5237,L'ASSOMPTION,-73.43,45.81,21.0
257,QUEBEC,27325,DESCHAMBAULT,-71.97,46.69,61.0
258,QUEBEC,5217,COTEAU DU LAC,-74.17,45.32,49.4
259,QUEBEC,27803,BEAUPORT,-71.2,46.84,10.0
260,ONTARIO,26799,BANCROFT AUTO,-77.88,45.07,330.7
261,ONTARIO,43763,PETERBOROUGH TRENT U,-78.3,44.35,216.0
262,ONTARIO,48952,PETERBOROUGH A,-78.36,44.23,191.4
263,ONTARIO,5170,HALIBURTON 3,-78.53,45.03,330.0
264,ONTARIO,26953,TORONTO NORTH YORK,-79.47,43.78,187.0
265,ONTARIO,50637,UXBRIDGE WEST,-79.16,44.1,325.0
266,ONTARIO,51459,TORONTO INTL A,-79.63,43.68,173.4
267,ONTARIO,48549,TORONTO CITY CENTRE,-79.4,43.63,76.8
268,ONTARIO,31688,TORONTO CITY,-79.4,43.67,112.5
269,ONTARIO,51938,MONO CENTRE,-80.02,44.03,436.0
270,ONTARIO,7925,POINT PETRE (AUT),-77.15,43.83,78.6
271,ONTARIO,48649,OSHAWA,-78.88,43.92,139.9
272,ONTARIO,45667,OAKVILLE TWN,-79.69,43.51,168.0
273,ONTARIO,54958,KING CITY NORTH,-79.57,43.96,361.0
274,ONTARIO,27529,HAMILTON RBG CS,-79.91,43.29,102.0
275,ONTARIO,49908,HAMILTON A,-79.94,43.17,237.7
276,ONTARIO,7870,COBOURG (AUT),-78.17,43.95,77.7
277,ONTARIO,4898,CENTREVILLE,-76.91,44.4,150.0
278,ONTARIO,4859,BELLEVILLE,-77.39,44.15,76.2
279,ONTARIO,27647,STRATHROY-MULLIFARRY,-81.64,42.98,243.0
280,ONTARIO,4816,ROSEVILLE,-80.47,43.35,328.0
281,ONTARIO,7844,MOUNT FOREST (AUT),-80.75,43.98,414.5
282,ONTARIO,10999,LONDON CS,-81.15,43.03,278.0
283,ONTARIO,48569,KITCHENER/WATERLOO,-80.38,43.46,321.6
284,ONTARIO,4761,FERGUS MOE,-80.38,43.7,396.2
285,ONTARIO,4760,FERGUS SHAND DAM,-80.33,43.73,417.6
286,ONTARIO,41983,ELORA RCS,-80.42,43.65,376.4
287,ONTARIO,53378,BRANTFORD AIRPORT,-80.33,43.14,245.5
288,ONTARIO,27533,POINT PELEE CS,-82.52,41.95,176.8
289,ONTARIO,54738,WINDSOR A,-82.96,42.28,189.6
290,ONTARIO,4715,WINDSOR RIVERSIDE,-82.93,42.33,188.4
291,ONTARIO,44283,WELLAND-PELHAM,-79.33,42.97,178.0
292,ONTARIO,31367,VINELAND STATION RCS,-79.4,43.18,79.2
293,ONTARIO,4689,ST THOMAS WPCP,-81.21,42.77,209.1
294,ONTARIO,32473,RIDGETOWN RCS,-81.88,42.45,205.7
295,ONTARIO,7790,PORT WELLER (AUT),-79.22,43.25,79.0
296,ONTARIO,4671,PORT COLBORNE,-79.25,42.88,175.3
297,ONTARIO,4656,NEW GLASGOW,-81.64,42.51,198.1
298,ONTARIO,4647,KINGSVILLE MOE,-82.67,42.04,200.0
299,ONTARIO,30266,HARROW CDA AUTO,-82.9,42.03,191.0
300,ONTARIO,44123,GRIMSBY MOUNTAIN,-79.56,43.18,170.6
301,ONTARIO,27528,DELHI CS,-80.55,42.87,231.7
302,ONTARIO,52118,CHATHAM KENT,-82.08,42.31,196.6
303,ONTARIO,4607,AMHERSTBURG,-83.09,42.1,182.0
304,ONTARIO,45607,TOBERMORY RCS,-81.63,45.23,213.5
305,ONTARIO,44323,SARNIA CLIMATE,-82.3,43.0,181.0
306,ONTARIO,48373,SARNIA,-82.31,43.0,181.4
307,ONTARIO,7747,GODERICH,-81.72,43.77,213.7
308,ONTARIO,27604,EGBERT CS,-79.78,44.23,251.0
309,ONTARIO,53139,WIARTON A,-81.11,44.74,221.9
310,ONTARIO,4525,UDORA,-79.16,44.26,262.0
311,ONTARIO,42183,BARRIE-ORO,-79.55,44.48,289.0
312,ONTARIO,4509,SHANTY BAY,-79.63,44.4,250.0
313,ONTARIO,32128,PARRY SOUND CCG,-80.04,45.34,176.3
314,ONTARIO,6904,ORILLIA BRAIN,-79.44,44.6,250.0
315,ONTARIO,48368,MUSKOKA,-79.3,44.97,281.9
316,ONTARIO,43046,MARKDALE,-80.71,44.27,411.0
317,ONTARIO,10955,COLLINGWOOD,-80.22,44.5,178.3
318,ONTARIO,4432,COLDWATER WARMINSTER,-79.54,44.63,285.0
319,ONTARIO,44183,BEATRICE CLIMATE,-79.4,45.14,297.2
320,ONTARIO,43540,BALDWIN,-79.32,44.27,229.0
321,ONTARIO,6900,PETAWAWA HOFFMAN,-77.25,45.88,153.0
322,ONTARIO,4377,ST. ALBERT,-75.06,45.29,80.0
323,ONTARIO,49068,PEMBROKE CLIMATE,-77.25,45.86,161.0
324,ONTARIO,49568,OTTAWA INTL A,-75.67,45.32,114.9
325,ONTARIO,30578,OTTAWA CDA RCS,-75.72,45.38,79.2
326,ONTARIO,4333,OTTAWA CDA,-75.72,45.38,79.2
327,ONTARIO,26773,OMPAH-SEITZ,-76.78,45.05,276.0
328,ONTARIO,41738,MOOSE CREEK WELLS,-74.96,45.25,84.5
329,ONTARIO,47267,KINGSTON CLIMATE,-76.6,44.22,93.0
330,ONTARIO,27534,KEMPTVILLE CS,-75.63,45.0,99.4
331,ONTARIO,4287,HARTINGTON IHD,-76.69,44.43,160.0
332,ONTARIO,10903,GRENADIER ISLAND,-75.85,44.42,82.0
333,ONTARIO,4268,DRUMMOND CENTRE,-76.25,45.03,145.0
334,ONTARIO,4255,CORNWALL,-74.75,45.02,64.0
335,ONTARIO,47567,BROCKVILLE CLIMATE,-75.75,44.64,120.4
336,ONTARIO,6901,APPLETON,-76.11,45.19,133.0
337,ONTARIO,48788,GORE BAY CLIMATE,-82.57,45.88,188.6
338,ONTARIO,48372,GORE BAY-MANITOULIN,-82.57,45.88,189.89
339,ONTARIO,54604,NORTH BAY AIRPORT,-79.4,46.38,370.3
340,ONTARIO,52318,NORTH BAY A,-79.42,46.36,370.3
341,ONTARIO,42967,ALGONQUIN PARK EAST GATE,-78.27,45.53,397.0
342,ONTARIO,50460,TIMMINS A,-81.38,48.57,294.7
343,ONTARIO,47547,TIMMINS CLIMATE,-81.39,48.56,294.4
344,ONTARIO,52898,OGOKI POST A,-85.9,51.66,181.0
345,ONTARIO,7633,NAGAGAMI (AUT),-84.16,49.75,264.0
346,ONTARIO,48950,MOOSONEE,-80.61,51.29,9.1
347,ONTARIO,30435,KAPUSKASING CDA ON,-82.44,49.41,218.0
348,ONTARIO,52604,KAPUSKASING A,-82.47,49.41,226.5
349,ONTARIO,47687,EARLTON CLIMATE,-79.85,47.7,243.4
350,ONTARIO,49489,EARLTON A,-79.85,47.7,243.8
351,ONTARIO,4140,BONNER LAKE,-82.12,49.38,245.0
352,ONTARIO,50840,SUDBURY A,-80.8,46.63,348.4
353,ONTARIO,49508,SUDBURY CLIMATE,-80.8,46.63,348.0
354,ONTARIO,53618,MONETVILLE 2,-80.3,46.22,205.0
355,ONTARIO,4121,MASSEY,-82.02,46.19,200.0
356,ONTARIO,54838,SAULT STE. MARIE AIRPORT,-84.52,46.48,187.0
357,ONTARIO,50092,SAULT STE MARIE A,-84.51,46.49,192.0
358,ONTARIO,51958,LAKE SUPERIOR PROVINCIAL PARK,-84.81,47.72,400.62
359,ONTARIO,4061,WELCOME ISLAND (AUT),-89.12,48.37,211.4
360,ONTARIO,4057,UPSALA (AUT),-90.47,49.03,488.5
361,ONTARIO,30682,THUNDER BAY CS,-89.33,48.37,199.4
362,ONTARIO,49389,THUNDER BAY,-89.32,48.37,199.3
363,ONTARIO,54606,TERRACE BAY AIRPORT,-87.09,48.82,290.0
364,ONTARIO,49848,PUKASKWA (AUT),-86.29,48.61,191.5
365,ONTARIO,54858,GERALDTON AIRPORT,-86.93,49.78,340.0
366,ONTARIO,54240,GERALDTON A,-86.99,49.78,348.4
367,ONTARIO,27674,CAMERON FALLS (AUT),-88.34,49.15,232.6
368,ONTARIO,52900,ARMSTRONG A,-88.91,50.29,322.5
369,ONTARIO,3987,ARMSTRONG (AUT),-88.91,50.29,322.5
370,ONTARIO,54605,SIOUX LOOKOUT AIRPORT,-91.91,50.11,338.1
371,ONTARIO,51138,SIOUX LOOKOUT A,-91.91,50.11,383.1
372,ONTARIO,30455,RAWSON LAKE (AUT),-93.73,49.66,435.0
373,ONTARIO,3966,RAWSON LAKE,-93.72,49.65,358.1
374,ONTARIO,51137,KENORA A,-94.36,49.79,409.7
375,ONTARIO,47307,KENORA RCS,-94.38,49.79,412.7
376,ONTARIO,48869,DRYDEN REGIONAL,-92.74,49.83,412.7
377,ONTARIO,46507,FORT FRANCES RCS,-93.44,48.65,342.0
378,ONTARIO,10220,ATIKOKAN (AUT),-91.63,48.76,389.3
379,ONTARIO,3932,BARWICK,-93.97,48.63,335.0
380,ONTARIO,50723,SANDY LAKE A,-93.34,53.06,289.9
381,ONTARIO,52418,PICKLE LAKE A,-90.21,51.45,386.2
382,ONTARIO,3920,PICKLE LAKE (AUT),-90.22,51.45,390.8
383,ONTARIO,52878,PEAWANUCK A,-85.44,54.99,52.7
384,ONTARIO,10197,PEAWANUCK (AUT),-85.43,54.98,52.7
385,ONTARIO,50722,MUSKRAT DAM,-91.76,53.44,277.7
386,ONTARIO,10244,LANSDOWNE HOUSE (AUT),-87.94,52.2,253.4
387,ONTARIO,51237,LANSDOWNE HOUSE A,-87.93,52.2,254.2
388,ONTARIO,51219,FORT SEVERN A,-87.68,56.02,15.8
389,ONTARIO,27865,EAR FALLS (AUT),-93.22,50.63,362.6
390,ONTARIO,50857,BIG TROUT LAKE,-89.89,53.82,222.5
391,ONTARIO,49488,BIG TROUT LAKE A,-89.9,53.82,222.5
392,ONTARIO,52918,ATTAWAPISKAT A,-82.43,52.93,9.1
393,MANITOBA,53118,THOMPSON A,-97.86,55.8,224.0
394,MANITOBA,55138,THOMPSON AIRPORT,-97.88,55.8,214.0
395,MANITOBA,30475,TADOULE LAKE CS,-98.5,58.72,262.01
396,MANITOBA,48972,TADOULE LAKE,-98.51,58.71,281.3
397,MANITOBA,48951,NORWAY HOUSE,-97.84,53.96,223.7
398,MANITOBA,48728,LYNN LAKE RCS,-101.07,56.85,354.2
399,MANITOBA,48588,LYNN LAKE,-101.08,56.86,356.6
400,MANITOBA,29533,KELSEY DAM CS,-96.51,56.04,182.9
401,MANITOBA,54278,ISLAND LAKE A,-94.65,53.86,235.3
402,MANITOBA,52758,GILLAM A,-94.71,56.36,145.1
403,MANITOBA,10217,GILLAM,-94.7,56.36,145.3
404,MANITOBA,44244,CHURCHILL CLIMATE,-94.07,58.73,28.5
405,MANITOBA,48969,CHURCHILL A,-94.07,58.74,29.3
406,MANITOBA,43983,THE PAS CLIMATE,-101.1,53.97,274.0
407,MANITOBA,54279,THE PAS A,-101.09,53.97,270.6
408,MANITOBA,10213,FLIN FLON,-101.68,54.68,303.9
409,MANITOBA,10188,SWAN RIVER RCS,-101.23,52.11,334.8
410,MANITOBA,10881,OAKPOINT MARINE,-98.04,50.5,249.6
411,MANITOBA,3853,MCCREARY,-99.53,50.71,351.0
412,MANITOBA,3820,MAFEKING,-101.1,52.67,325.0
413,MANITOBA,3766,COWAN,-100.65,52.03,365.8
414,MANITOBA,48868,DAUPHIN,-100.05,51.1,304.5
415,MANITOBA,26866,DAUPHIN CS,-100.06,51.1,304.5
416,MANITOBA,10186,PINAWA,-96.06,50.18,268.0
417,MANITOBA,7290,GRAND RAPIDS (AUT),-99.27,53.19,222.5
418,MANITOBA,3746,INDIAN BAY,-95.2,49.62,326.7
419,MANITOBA,43243,GREAT FALLS CLIMATE,-95.98,50.52,253.0
420,MANITOBA,45007,GIMLI CLIMATE,-97.05,50.63,230.1
421,MANITOBA,8993,FISHER BRANCH (AUT),-97.55,51.08,253.0
422,MANITOBA,7333,GEORGE ISLAND (AUT),-97.62,52.82,222.5
423,MANITOBA,3721,BERENS RIVER CS,-97.02,52.36,221.9
424,MANITOBA,27174,WINNIPEG A CS,-97.25,49.92,238.7
425,MANITOBA,26857,CARMAN U OF M CS,-98.03,49.5,268.2
426,MANITOBA,28051,WINNIPEG THE FORKS,-97.13,49.89,230.0
427,MANITOBA,3678,STONY MOUNTAIN,-97.17,50.12,236.2
428,MANITOBA,10196,SPRAGUE,-95.6,49.02,328.8
429,MANITOBA,3649,PILOT MOUND (AUT),-98.9,49.19,470.3
430,MANITOBA,29593,MORDEN CDA CS,-98.08,49.19,297.5
431,MANITOBA,3619,MARQUETTE,-97.81,50.01,243.8
432,MANITOBA,50897,KLEEFELD (MAFRI),-96.9,49.52,246.5
433,MANITOBA,3605,GRETNA (AUT),-97.56,49.03,252.6
434,MANITOBA,48068,EMERSON AUTO,-97.24,49.0,242.0
435,MANITOBA,29886,DEERWOOD RCS,-98.32,49.4,341.4
436,MANITOBA,10185,MELITA,-100.99,49.28,445.9
437,MANITOBA,3562,WASAGAMING,-99.94,50.66,627.4
438,MANITOBA,47367,VIRDEN WATER,-100.93,49.84,439.5
439,MANITOBA,10927,SHOAL LAKE CS,-100.6,50.45,561.3
440,MANITOBA,27119,ROBLIN,-101.36,51.18,539.5
441,MANITOBA,10884,PORTAGE SOUTHPORT,-98.28,49.9,272.7
442,MANITOBA,3460,ELKHORN 2 EAST,-101.2,49.93,497.5
443,MANITOBA,48128,CYPRESS RIVER RCS,-99.07,49.56,374.0
444,MANITOBA,27741,CARBERRY CS,-99.36,49.91,383.5
445,MANITOBA,49909,BRANDON RCS,-99.95,49.9,409.4
446,MANITOBA,50821,BRANDON A,-99.95,49.91,409.3
447,MANITOBA,3463,BALDUR,-99.29,49.28,449.9
448,SASKATCHEWAN,46367,HUDSON BAY(AUT),-102.32,52.82,358.1
449,SASKATCHEWAN,10195,NIPAWIN,-104.0,53.33,371.9
450,SASKATCHEWAN,48608,NIPAWIN,-104.01,53.33,371.9
451,SASKATCHEWAN,9831,URANIUM CITY (AUT),-108.48,59.57,318.2
452,SASKATCHEWAN,10198,MEADOW LAKE,-108.52,54.13,481.0
453,SASKATCHEWAN,10688,WASKESIU LAKE,-106.07,53.92,569.4
454,SASKATCHEWAN,48548,STONY RAPIDS,-105.84,59.25,244.15
455,SASKATCHEWAN,10850,SPIRITWOOD WEST,-107.55,53.37,584.3
456,SASKATCHEWAN,10242,SOUTHEND,-103.28,56.33,344.1
457,SASKATCHEWAN,48148,LOON LAKE RCS,-109.14,54.02,545.6
458,SASKATCHEWAN,51425,LA RONGE A,-105.27,55.15,379.2
459,SASKATCHEWAN,29371,LA RONGE RCS,-105.27,55.15,378.6
460,SASKATCHEWAN,48872,KEY LAKE,-105.62,57.26,513.9
461,SASKATCHEWAN,49448,KEY LAKE,-105.6,57.25,513.9
462,SASKATCHEWAN,42883,ISLAND FALLS (AUT),-102.35,55.53,297.4
463,SASKATCHEWAN,6873,COLLINS BAY CAMECO,-103.7,58.18,490.1
464,SASKATCHEWAN,53218,COLLINS BAY SK,-103.68,58.23,412.6
465,SASKATCHEWAN,3359,CIGAR LAKE,-104.48,58.08,467.0
466,SASKATCHEWAN,53020,BUFFALO NARROWS A,-108.42,55.84,433.7
467,SASKATCHEWAN,7534,BUFFALO NARROWS (AUT),-108.42,55.84,440.1
468,SASKATCHEWAN,47707,SASKATOON RCS,-106.72,52.17,504.1
469,SASKATCHEWAN,54498,PRINCE ALBERT GLASS FIELD,-105.68,53.21,425.45
470,SASKATCHEWAN,51878,PRINCE ALBERT A,-105.67,53.21,428.2
471,SASKATCHEWAN,50977,PILGER,-105.15,52.42,552.0
472,SASKATCHEWAN,3318,OUTLOOK PFRA,-107.05,51.48,541.0
473,SASKATCHEWAN,10727,MELFORT,-104.6,52.82,490.0
474,SASKATCHEWAN,51798,WASECA RCS,-109.41,53.13,640.0
475,SASKATCHEWAN,3261,SONNINGDALE,-107.77,52.32,716.3
476,SASKATCHEWAN,3259,SCOTT CDA,-108.83,52.36,659.6
477,SASKATCHEWAN,10784,ROSETOWN EAST,-107.92,51.57,586.0
478,SASKATCHEWAN,48609,NORTH BATTLEFORD,-108.24,52.77,548.3
479,SASKATCHEWAN,44344,NORTH BATTLEFORD RCS,-108.26,52.77,548.0
480,SASKATCHEWAN,51739,KINDERSLEY A,-109.18,51.52,693.7
481,SASKATCHEWAN,3212,BUTTE ST PIERRE,-109.2,53.45,571.5
482,SASKATCHEWAN,10821,VAL MARIE SOUTHEAST,-107.59,49.06,796.0
483,SASKATCHEWAN,3193,ROCKGLEN (AUT),-105.98,49.17,917.0
484,SASKATCHEWAN,3186,MANKOTA,-107.02,49.1,830.0
485,SASKATCHEWAN,7485,EASTEND CYPRESS (AUT),-108.99,49.44,1079.6
486,SASKATCHEWAN,10888,CYPRESS HILLS PARK,-109.51,49.64,1270.6
487,SASKATCHEWAN,3172,CORONACH SPC,-105.48,49.05,756.0
488,SASKATCHEWAN,10795,LEADER AIRPORT,-109.5,50.91,675.5
489,SASKATCHEWAN,3157,SWIFT CURRENT CDA,-107.73,50.27,825.0
490,SASKATCHEWAN,48976,SWIFT CURRENT,-107.69,50.29,816.9
491,SASKATCHEWAN,3142,ROCK POINT,-107.26,51.15,725.1
492,SASKATCHEWAN,10667,MAPLE CREEK,-109.47,49.9,766.7
493,SASKATCHEWAN,10724,LUCKY LAKE,-107.15,50.95,664.7
494,SASKATCHEWAN,3088,ELBOW CS,-106.58,51.13,595.0
495,SASKATCHEWAN,3071,BEECHY,-107.31,50.83,659.9
496,SASKATCHEWAN,10805,ASSINIBOIA AIRPORT,-105.95,49.73,725.5
497,SASKATCHEWAN,10666,WEYBURN,-103.8,49.7,588.6
498,SASKATCHEWAN,10660,WYNYARD (AUT),-104.2,51.77,560.1
499,SASKATCHEWAN,48977,YORKTON,-102.46,51.26,498.3
500,SASKATCHEWAN,49808,YORKTON,-102.46,51.26,498.4
501,SASKATCHEWAN,54518,YELLOW GRASS NORTH,-104.18,49.82,578.0
502,SASKATCHEWAN,10785,WATROUS EAST,-105.4,51.67,525.6
503,SASKATCHEWAN,28011,REGINA RCS,-104.67,50.43,577.3
504,SASKATCHEWAN,2992,QU'APPELLE 1,-103.98,50.57,662.9
505,SASKATCHEWAN,2981,OXBOW,-102.12,49.32,576.0
506,SASKATCHEWAN,2973,MUENSTER,-105.0,52.33,580.0
507,SASKATCHEWAN,27476,MOOSE JAW CS,-105.54,50.33,577.0
508,SASKATCHEWAN,2951,LIPTON 2,-103.89,51.15,640.0
509,SASKATCHEWAN,2947,LEROY,-104.63,52.0,535.4
510,SASKATCHEWAN,2942,LAST MOUNTAIN CS,-105.25,51.42,497.0
511,SASKATCHEWAN,2933,KIPLING,-102.73,50.2,671.2
512,SASKATCHEWAN,2930,KELLIHER,-103.75,51.26,675.6
513,SASKATCHEWAN,2925,INDIAN HEAD CDA,-103.65,50.55,579.1
514,SASKATCHEWAN,49728,ESTEVAN,-102.97,49.22,580.6
515,SASKATCHEWAN,54261,ESTEVAN A,-102.97,49.21,580.3
516,SASKATCHEWAN,2890,DUVAL,-104.87,51.18,584.0
517,SASKATCHEWAN,2859,BUFFALO POUND LAKE,-105.38,50.55,588.0
518,SASKATCHEWAN,2855,BROADVIEW,-102.57,50.37,599.8
519,SASKATCHEWAN,44543,BRATT'S LAKE CLIMATE,-104.71,50.2,580.0
520,ALBERTA,47070,DUPRE AGCM,-110.87,54.37,556.0
521,ALBERTA,2832,COLD LAKE A,-110.28,54.42,541.0
522,ALBERTA,32460,VALLEYVIEW AGDM,-117.2,55.1,698.0
523,ALBERTA,51858,TOMPKINS LANDING AGCM,-116.85,58.02,343.0
524,ALBERTA,47109,TEEPEE CREEK AGCM,-118.41,55.35,670.0
525,ALBERTA,47107,SAVANNA AGCM,-119.34,56.08,703.0
526,ALBERTA,47090,RYCROFT AGCM,-118.67,55.78,575.0
527,ALBERTA,51841,ROCKY LANE AGCM,-116.48,58.45,301.0
528,ALBERTA,10183,RED EARTH,-115.28,56.55,546.0
529,ALBERTA,31468,PEORIA AGDM,-118.29,55.62,621.21
530,ALBERTA,55098,ROMA,-117.45,56.19,559.53
531,ALBERTA,52258,PEACE RIVER A,-117.45,56.23,570.9
532,ALBERTA,32255,CLEARDALE AGDM,-119.75,56.31,630.0
533,ALBERTA,47087,LA GLACE AGCM,-119.25,55.42,760.0
534,ALBERTA,47147,LA CRETE AGCM,-116.34,58.17,323.0
535,ALBERTA,51840,KEG RIVER AGCM,-117.68,57.79,408.0
536,ALBERTA,47077,JEAN COTE AGCM,-117.12,55.91,638.0
537,ALBERTA,55118,HIGH LEVEL,-117.16,58.63,339.0
538,ALBERTA,49928,HIGH LEVEL A,-117.16,58.62,338.02
539,ALBERTA,47075,HAWK HILLS AGCM,-117.3,57.26,455.0
540,ALBERTA,51422,GRANDE PRAIRIE A,-118.88,55.18,669.0
541,ALBERTA,30495,FORT VERMILION,-116.04,58.38,289.0
542,ALBERTA,50757,FORT CHIPEWYAN RCS,-111.12,58.77,238.0
543,ALBERTA,48975,FORT CHIPEWYAN,-111.12,58.77,238.0
544,ALBERTA,31469,FAIRVIEW AGDM,-118.44,56.08,654.55
545,ALBERTA,47071,EAGLESHAM AGCM,-117.89,55.81,563.0
546,ALBERTA,51839,DEADWOOD AGCM,-117.54,56.72,551.0
547,ALBERTA,51838,CLEAR HILLS AGCM,-117.93,56.53,672.0
548,ALBERTA,47067,BROWNVALE AGCM,-117.89,56.12,748.0
549,ALBERTA,30669,BEAVERLODGE RCS,-119.4,55.2,745.0
550,ALBERTA,49048,BALLATER AGCM,-117.24,55.58,560.0
551,ALBERTA,10930,WILLOW CREEK 1,-118.35,53.39,1370.0
552,ALBERTA,47108,TAWATINAW AGCM,-113.52,54.3,611.0
553,ALBERTA,50777,SLAVE LAKE RCS,-114.78,55.29,582.8
554,ALBERTA,49369,SLAVE LAKE,-114.78,55.29,582.8
555,ALBERTA,53198,ISPAS,-111.84,53.85,655.0
556,ALBERTA,31413,RICH LAKE AGDM,-111.7,54.5,585.0
557,ALBERTA,54000,PLEASANT VIEW,-113.32,54.96,649.0
558,ALBERTA,30726,LAC LA BICHE CLIMATE,-112.02,54.77,567.0
559,ALBERTA,53999,KINIKINIK,-112.98,54.56,629.0
560,ALBERTA,53358,ISLAND LAKE SOUTH,-113.54,54.82,618.7
561,ALBERTA,32274,HIGH PRAIRIE AGDM,-116.48,55.4,601.7
562,ALBERTA,26870,HENDRICKSON CREEK,-118.45,53.8,1448.0
563,ALBERTA,49490,FORT MCMURRAY A,-111.22,56.65,369.1
564,ALBERTA,27216,FORT MCMURRAY CS,-111.21,56.65,368.8
565,ALBERTA,47128,FORT ASSINIBOINE AGCM,-114.77,54.41,676.0
566,ALBERTA,54358,EVANSBURG2 AGCM,-115.06,53.61,785.0
567,ALBERTA,2513,ENTWISTLE,-114.98,53.6,780.3
568,ALBERTA,27213,EDSON CLIMATE,-116.45,53.58,927.0
569,ALBERTA,48948,EDSON,-116.47,53.58,926.9
570,ALBERTA,53918,CARROT CREEK,-115.89,53.62,861.0
571,ALBERTA,51899,CAMPSIE AUTO,-114.68,54.13,647.0
572,ALBERTA,2485,BRULE BLACK CAT,-117.87,53.35,1036.3
573,ALBERTA,30641,BARRHEAD CS,-114.45,54.09,648.0
574,ALBERTA,32231,ATMORE AGDM,-112.83,54.78,574.0
575,ALBERTA,47047,ATHABASCA AGCM,-113.38,54.63,635.0
576,ALBERTA,26850,WATERTON PARK GATE,-113.81,49.13,1289.0
577,ALBERTA,10665,PEKISKO,-114.42,50.37,1415.0
578,ALBERTA,30543,NORDEGG CS,-116.04,52.49,1332.0
579,ALBERTA,2402,KANANASKIS,-115.03,51.03,1391.1
580,ALBERTA,10223,JASPER WARDEN,-118.03,52.93,1020.0
581,ALBERTA,10890,CROWSNEST,-114.48,49.63,1303.0
582,ALBERTA,10222,BOW VALLEY,-115.07,51.08,1297.5
583,ALBERTA,50028,BEAVER MINES,-114.18,49.47,1257.0
584,ALBERTA,27378,BANFF CS,-115.55,51.19,1396.9
585,ALBERTA,51497,WARNER AGCM,-112.16,49.28,1004.0
586,ALBERTA,51498,PINHORN AGCM,-111.03,49.03,1061.0
587,ALBERTA,46912,PAKOWKI LAKE AGCM,-111.13,49.22,915.0
588,ALBERTA,10725,ONEFOUR CDA,-110.47,49.12,935.0
589,ALBERTA,8804,MILK RIVER,-112.05,49.13,1050.0
590,ALBERTA,31411,MASINASIN AGDM,-111.65,49.14,947.9
591,ALBERTA,46809,MANYBERRIES AGCM,-110.68,49.36,927.0
592,ALBERTA,32256,DEL BONITA AGDM,-112.82,49.05,1310.0
593,ALBERTA,2173,OKOTOKS,-113.96,50.73,1081.0
594,ALBERTA,31412,WRENTHAM AGDM,-112.12,49.5,943.94
595,ALBERTA,50919,TIDE LAKE AGCM,-111.32,50.46,766.0
596,ALBERTA,42725,STRATHMORE AGDM,-113.28,51.03,967.0
597,ALBERTA,27200,STAVELY AAFC,-113.88,50.18,1363.6
598,ALBERTA,46849,STANDARD AGCM,-112.98,51.23,901.0
599,ALBERTA,50922,SOCIAL PLAINS AGCM,-110.21,50.73,741.0
600,ALBERTA,42730,SEVEN PERSONS AGDM,-110.92,49.92,766.0
601,ALBERTA,42731,ROSEMARY AGDM,-112.05,50.83,714.0
602,ALBERTA,46827,ROLLING HILLS AGCM,-111.7,50.27,645.0
603,ALBERTA,42729,RAYMOND AGDM,-112.68,49.48,937.0
604,ALBERTA,50918,RALSTON AGCM,-111.21,50.1,770.0
605,ALBERTA,53738,RAINIER AGCM,-112.12,50.37,765.0
606,ALBERTA,2295,QUEENSTOWN,-112.98,50.61,940.0
607,ALBERTA,27218,PINCHER CREEK CLIMATE,-114.0,49.52,1190.0
608,ALBERTA,49368,PINCHER CREEK,-114.0,49.52,1189.6
609,ALBERTA,43580,NIER AGDM,-114.1,51.37,1145.0
610,ALBERTA,46810,MOSSLEIGH AGCM,-113.35,50.67,965.0
611,ALBERTA,30347,MEDICINE HAT RCS,-110.72,50.03,715.0
612,ALBERTA,48949,MEDICINE HAT,-110.72,50.02,716.9
613,ALBERTA,42726,LETHBRIDGE DEMO FARM AGDM,-112.75,49.68,903.0
614,ALBERTA,2265,LETHBRIDGE CDA,-112.77,49.7,910.0
615,ALBERTA,51377,LETHBRIDGE AGTECH AGCM,-112.76,49.65,918.0
616,ALBERTA,49268,LETHBRIDGE,-112.8,49.63,929.0
617,ALBERTA,51499,LATHOM AGCM,-112.3,50.6,810.0
618,ALBERTA,50940,KEOMA AGCM,-113.63,51.19,945.0
619,ALBERTA,46807,IRVINE AGCM,-110.26,49.99,795.0
620,ALBERTA,48468,PRIDDIS OBSERVATORY,-114.29,50.87,1267.0
621,ALBERTA,45647,GRASSY LAKE,-111.73,49.87,783.0
622,ALBERTA,47073,GLEICHEN AGCM,-112.94,50.93,907.0
623,ALBERTA,46734,FORT MACLEOD AGCM,-113.38,49.79,978.0
624,ALBERTA,32257,FOREMOST AGDM,-111.49,49.48,881.0
625,ALBERTA,42727,FINCASTLE AGDM,-112.03,49.8,833.0
626,ALBERTA,42724,ENCHANT AGDM,-112.43,50.18,801.0
627,ALBERTA,9010,COP UPPER,-114.22,51.08,1235.0
628,ALBERTA,2224,CLARESHOLM,-113.64,50.0,1009.0
629,ALBERTA,32254,CHAMPION AGDM,-113.35,50.28,1006.0
630,ALBERTA,49968,CARWAY,-113.38,49.0,1354.0
631,ALBERTA,26971,CARDSTON,-113.29,49.2,1136.0
632,ALBERTA,52200,CALGARY SPRINGBANK A,-114.37,51.11,1200.9
633,ALBERTA,27211,CALGARY INT'L CS,-114.0,51.11,1081.9
634,ALBERTA,50430,CALGARY INTL A,-114.01,51.12,1099.1
635,ALBERTA,2180,BROOKS,-111.85,50.56,747.0
636,ALBERTA,50921,BULL SPRINGS AGCM,-110.48,50.34,780.0
637,ALBERTA,31407,BROCKET AGDM,-113.82,49.62,1072.73
638,ALBERTA,10915,BOW ISLAND,-111.45,49.73,816.6
639,ALBERTA,42703,BLOOD TRIBE AGDM,-113.05,49.57,980.0
640,ALBERTA,50917,BLACKIE AGCM,-113.64,50.55,1019.0
641,ALBERTA,47747,BLACK DIAMOND,-114.15,50.71,1156.0
642,ALBERTA,46467,BASSANO AGCM,-112.47,50.89,807.0
643,ALBERTA,46447,BARONS AGCM,-113.22,50.03,967.0
644,ALBERTA,31408,BARNWELL AGDM,-112.3,49.8,824.24
645,ALBERTA,47727,AZURE,-114.01,50.51,1143.0
646,ALBERTA,53098,ARDENVILLE,-113.43,49.53,1126.0
647,ALBERTA,46729,WIMBORNE AGCM,-113.59,51.94,940.0
648,ALBERTA,10105,SUNDRE A,-114.68,51.78,1114.4
649,ALBERTA,53078,VERGER,-111.96,50.9,723.0
650,ALBERTA,10907,THREE HILLS,-113.21,51.77,857.0
652,ALBERTA,50937,SHEERNESS AGCM,-111.65,51.46,852.0
653,ALBERTA,32455,SCHULER AGDM,-110.09,50.31,800.0
654,ALBERTA,49050,ST. ALBERT RESEARCH STATION,-113.62,53.69,687.0
655,ALBERTA,55018,RED DEER REGIONAL A,-113.89,52.18,904.6
656,ALBERTA,41784,PRENTISS,-113.6,52.43,965.0
657,ALBERTA,32454,POLLOCKVILLE AGDM,-111.71,51.13,750.0
658,ALBERTA,50923,PATRICIA AGCM,-111.62,50.74,726.0
659,ALBERTA,31410,OYEN AGDM,-110.35,51.38,766.67
660,ALBERTA,32453,OLDS AGDM,-114.08,51.76,1046.0
661,ALBERTA,32433,MORRIN AGDM,-112.68,51.66,836.0
662,ALBERTA,52458,LODGE CREEK,-110.34,49.46,1068.0
663,ALBERTA,46910,LINDEN AGCM,-113.66,51.62,914.0
664,ALBERTA,43561,LEEDALE AGDM,-114.47,52.55,947.0
665,ALBERTA,10906,LACOMBE CDA 2,-113.76,52.45,860.0
666,ALBERTA,51500,KIRRIEMUIR AGCM,-110.36,51.91,711.0
667,ALBERTA,31409,HUSSAR AGDM,-112.5,51.18,971.21
668,ALBERTA,47076,HESPERO AGCM,-114.49,52.31,965.0
669,ALBERTA,50939,HAND HILLS AGCM,-112.14,51.45,941.0
670,ALBERTA,10708,DRUMHELLER EAST,-112.68,51.45,678.2
671,ALBERTA,46471,CRAIGMYLE AGCM,-112.25,51.78,845.0
672,ALBERTA,50938,CEREAL AGCM,-110.82,51.28,753.0
673,ALBERTA,53099,CAPPON,-110.8,51.07,758.0
674,ALBERTA,50920,BUFFALO AGCM,-110.69,50.8,723.0
675,ALBERTA,46469,BIG VALLEY AGCM,-112.8,52.0,870.0
676,ALBERTA,46468,BEISEKER AGCM,-113.36,51.38,896.0
677,ALBERTA,47787,ATLEE AGCM,-111.01,50.81,795.0
678,ALBERTA,47748,ACADIA VALLEY,-110.32,51.07,735.0
679,ALBERTA,26888,WAINWRIGHT CFB AIRFIELD 21,-111.1,52.83,686.25
680,ALBERTA,10225,ESTHER 1,-110.21,51.67,707.0
681,ALBERTA,27492,EDMONTON STONY PLAIN CS,-114.11,53.55,766.3
682,ALBERTA,49949,YOUNGSTOWN AGCM,-111.22,51.49,800.0
683,ALBERTA,46853,WETASKIWIN AGCM,-113.44,52.98,774.0
684,ALBERTA,1977,VEGREVILLE,-112.1,53.51,639.3
685,ALBERTA,47110,VILNA AGCM,-111.92,54.13,645.0
686,ALBERTA,46852,VIKING AGCM,-111.73,53.18,711.0
687,ALBERTA,32461,VERMILION AGDM,-110.88,53.34,623.0
688,ALBERTA,32459,TWO HILLS AGDM,-111.68,53.63,678.0
689,ALBERTA,46851,TULLIBY LAKE AGCM,-110.08,53.66,596.0
690,ALBERTA,43581,TOMAHAWK AGDM,-114.72,53.44,814.0
691,ALBERTA,46850,THORSBY AGCM,-113.89,53.22,754.0
692,ALBERTA,32458,STETTLER AGDM,-112.6,52.35,795.0
693,ALBERTA,46913,SPONDIN AGCM,-111.68,51.82,804.0
694,ALBERTA,32456,SMOKY LAKE AGDM,-112.5,54.28,680.0
695,ALBERTA,46848,SHONTS AGCM,-112.54,53.33,679.0
696,ALBERTA,46887,SEDALIA AGCM,-110.75,51.59,755.0
697,ALBERTA,32457,ST. PAUL AGCM,-111.27,54.01,649.0
698,ALBERTA,47127,ST. LINA AGCM,-111.45,54.28,619.0
699,ALBERTA,46847,ROSALIND AGCM,-112.42,52.79,712.0
700,ALBERTA,8712,ROCKY MTN HOUSE (AUT),-114.91,52.42,988.2
701,ALBERTA,46132,RIVERCOURSE AGCM,-110.1,53.02,669.0
702,ALBERTA,46812,RIBSTONE SOUTH AGCM,-110.34,52.59,644.0
703,ALBERTA,51898,RANFURLY AUTO,-111.73,53.42,687.0
704,ALBERTA,46911,NEW SAREPTA AGCM,-113.17,53.26,765.0
705,ALBERTA,46767,MANNVILLE AGCM,-111.26,53.46,656.0
706,ALBERTA,1920,LLOYDMINSTER A,-110.07,53.31,668.43
707,ALBERTA,48550,LLOYDMINSTER,-110.07,53.31,668.7
708,ALBERTA,43560,LINDBERGH AGDM,-110.58,53.94,630.0
709,ALBERTA,47088,LEGAL AGCM,-113.47,54.0,680.0
710,ALBERTA,46808,KITSCOTY AGCM,-110.42,53.35,664.0
711,ALBERTA,49049,KINSELLA RESEARC STATION,-111.55,53.05,701.0
712,ALBERTA,46908,HUGHENDEN AGCM,-110.78,52.58,703.0
713,ALBERTA,32395,HOLDEN AGDM,-112.25,53.19,688.0
714,ALBERTA,46907,HEMARUKA AGCM,-111.21,51.78,780.0
715,ALBERTA,46787,HALKIRK AGCM,-112.16,52.12,843.0
716,ALBERTA,51578,GOOSEBERRY LAKE AGCM,-110.8,52.11,740.0
717,ALBERTA,51501,GLADSTONE AGCM,-112.28,52.99,704.0
718,ALBERTA,53998,ST. FRANCIS,-114.32,53.29,809.0
719,ALBERTA,46131,GILT EDGE NORTH AGCM,-110.62,53.07,647.0
720,ALBERTA,46130,FORESTBURG AGCM,-112.12,52.55,721.0
721,ALBERTA,51502,FLEET AGCM,-111.81,52.04,823.0
722,ALBERTA,46733,FERINTOSH AGCM,-112.86,52.74,795.0
723,ALBERTA,1881,FABYAN,-111.0,52.97,698.0
724,ALBERTA,1873,ELK ISLAND NAT PARK,-112.87,53.68,716.2
725,ALBERTA,1870,EDMONTON STONY PLAIN,-114.11,53.55,766.3
726,ALBERTA,51758,EDMONTON VILLENEUVE A,-113.86,53.67,687.6
727,ALBERTA,53718,EDMONTON SOUTH CAMPUS,-113.54,53.49,670.0
728,ALBERTA,50149,EDMONTON INTL A,-113.58,53.31,723.3
729,ALBERTA,27214,EDMONTON BLATCHFORD,-113.52,53.57,671.0
730,ALBERTA,27793,EDMONTON INTERNATIONAL CS,-113.61,53.31,715.0
731,ALBERTA,46129,EDGERTON AGCM,-110.43,52.78,649.0
732,ALBERTA,46731,DEWBERRY AGCM,-110.59,53.66,616.0
733,ALBERTA,46730,DELBURNE AGCM,-113.18,52.18,889.0
734,ALBERTA,47069,CRESTOMERE AGCM,-113.9,52.73,855.0
735,ALBERTA,27212,CORONATION CLIMATE,-111.45,52.07,791.0
736,ALBERTA,32230,CONSORT AGDM,-110.71,51.94,772.0
737,ALBERTA,1839,CAMROSE,-112.82,53.05,739.0
738,ALBERTA,46470,CADOGAN AGCM,-110.51,52.33,690.0
739,ALBERTA,47068,BUSBY AGCM,-113.92,53.93,714.0
740,ALBERTA,10928,BRETON PLOTS,-114.44,53.09,851.5
741,ALBERTA,32149,BODO AGDM,-110.1,52.12,687.0
742,ALBERTA,46128,BELLSHILL AGCM,-111.47,52.58,721.0
743,ALBERTA,32253,ANDREW AGDM,-112.28,53.92,625.0
744,ALBERTA,46327,ALLIANCE AGCM,-111.78,52.32,737.0
745,ALBERTA,46127,ALBERT HALL AGCM,-111.18,53.11,658.0
746,ALBERTA,32232,ABEE AGDM,-112.97,54.28,664.0
747,NUNAVUT,50659,SVARTEVAEG,-91.82,81.16,72.0
748,NUNAVUT,32150,RESOLUTE CS,-94.98,74.72,30.0
749,NUNAVUT,53060,RESOLUTE BAY A,-94.97,74.72,67.7
750,NUNAVUT,51080,POND INLET A,-77.97,72.69,61.6
751,NUNAVUT,43223,POND INLET CLIMATE,-77.96,72.69,64.66
752,NUNAVUT,10721,PANGNIRTUNG,-65.71,66.14,22.6
753,NUNAVUT,42503,IQALUIT CLIMATE,-68.54,63.75,33.5
754,NUNAVUT,50498,SANIRAJAK AIRPORT,-81.24,68.78,9.1
755,NUNAVUT,42483,SANIRAJAK,-81.24,68.78,8.2
756,NUNAVUT,46568,GRISE FIORD CLIMATE,-82.9,76.42,44.5
757,NUNAVUT,50658,FORT ROSS,-94.2,72.02,10.0
758,NUNAVUT,50737,EUREKA CLIMATE,-85.93,79.99,10.0
759,NUNAVUT,51077,CLYDE RIVER A,-68.52,70.49,26.5
760,NUNAVUT,42244,CLYDE RIVER CLIMATE,-68.52,70.48,26.5
761,NUNAVUT,50328,KINNGAIT AIRPORT,-76.53,64.23,48.2
762,NUNAVUT,43163,KINNGAIT,-76.53,64.23,50.0
763,NUNAVUT,32233,CAMBRIDGE BAY GSN,-105.14,69.11,18.69
764,NUNAVUT,53512,CAMBRIDGE BAY A,-105.14,69.11,31.1
765,NUNAVUT,51218,QIKIQTARJUAQ A,-64.03,67.55,5.5
766,NUNAVUT,42803,QIKIQTARJUAQ CLIMATE,-64.03,67.55,6.4
767,NUNAVUT,29517,ARCTIC BAY CS,-85.01,72.99,10.0
768,NUNAVUT,42463,ALERT CLIMATE,-62.33,82.5,65.4
769,NUNAVUT,51277,RANKIN INLET A,-92.11,62.81,32.3
770,NUNAVUT,43006,KUGAARUK CLIMATE,-89.8,68.54,15.8
771,NUNAVUT,41943,GJOA HAVEN CLIMATE,-95.85,68.64,42.3
772,NUNAVUT,51079,GJOA HAVEN A,-95.85,68.64,46.9
773,NUNAVUT,41576,ARVIAT CLIMATE,-94.07,61.1,9.8
774,NUNAVUT,7341,ENNADAI LAKE (AUT),-100.88,61.13,353.1
775,NUNAVUT,47347,CORAL HARBOUR RCS,-83.35,64.18,57.0
776,NUNAVUT,43003,KUGLUKTUK CLIMATE,-115.14,67.82,22.6
777,NUNAVUT,53335,KUGLUKTUK A,-115.14,67.82,22.6
778,NUNAVUT,50657,BATHURST INLET,-108.01,66.84,5.0
779,NUNAVUT,51417,BAKER LAKE A,-96.08,64.3,18.6
780,NUNAVUT,42583,BAKER LAKE CLIMATE,-96.0,64.32,50.8
781,NUNAVUT,50557,ARVIAT A,-94.07,61.09,10.4
782,NORTHWEST TERRITORIES,27324,MOULD BAY CS,-119.35,76.24,1.5
783,NORTHWEST TERRITORIES,10598,THOMSEN RIVER,-119.54,73.23,41.5
784,NORTHWEST TERRITORIES,10076,SACHS HARBOUR CLIMATE,-125.25,71.99,87.5
785,NORTHWEST TERRITORIES,29715,HOLMAN CS,-117.8,70.76,29.9
786,NORTHWEST TERRITORIES,27620,TRAIL VALLEY,-133.5,68.75,85.0
787,NORTHWEST TERRITORIES,10880,SAMBAA K'E,-121.24,60.44,498.0
788,NORTHWEST TERRITORIES,51058,YELLOWKNIFE A,-114.44,62.46,205.7
789,NORTHWEST TERRITORIES,50721,WEKWEETI A,-114.08,64.19,368.2
790,NORTHWEST TERRITORIES,26987,TUKTOYAKTUK,-133.02,69.43,4.6
791,NORTHWEST TERRITORIES,10926,GAMETI,-117.33,64.11,221.0
792,NORTHWEST TERRITORIES,26986,PAULATUK,-124.08,69.36,6.3
793,NORTHWEST TERRITORIES,43004,NORMAN WELLS CLIMATE,-126.75,65.29,93.6
794,NORTHWEST TERRITORIES,50717,NORMAN WELLS A,-126.8,65.28,72.5
795,NORTHWEST TERRITORIES,1674,WHATI,-117.24,63.13,271.3
796,NORTHWEST TERRITORIES,41883,INUVIK CLIMATE,-133.52,68.32,103.0
797,NORTHWEST TERRITORIES,10209,INNER WHALEBACKS,-113.73,61.92,165.2
798,NORTHWEST TERRITORIES,41885,HAY RIVER CLIMATE,-115.78,60.84,164.0
799,NORTHWEST TERRITORIES,52600,HAY RIVER A,-115.78,60.84,164.9
800,NORTHWEST TERRITORIES,10897,HANBURY RIVER,-105.13,63.6,317.4
801,NORTHWEST TERRITORIES,41884,FORT SMITH CLIMATE,-111.93,60.03,203.0
802,NORTHWEST TERRITORIES,53119,FORT SMITH A,-111.96,60.02,205.1
803,NORTHWEST TERRITORIES,52780,FORT SIMPSON A,-121.24,61.76,169.5
804,NORTHWEST TERRITORIES,41944,FORT SIMPSON CLIMATE,-121.24,61.76,168.0
805,NORTHWEST TERRITORIES,10687,FORT LIARD,-123.47,60.23,213.4
806,NORTHWEST TERRITORIES,27549,FORT GOOD HOPE CS,-128.64,66.24,81.7
807,NORTHWEST TERRITORIES,27749,DELINE CS,-123.43,65.21,212.8
808,NORTHWEST TERRITORIES,52899,COLVILLE LAKE A,-126.13,67.02,274.0
809,YUKON TERRITORY,48168,WHITEHORSE AUTO,-135.1,60.73,707.0
810,YUKON TERRITORY,32293,WATSON LAKE (AUT),-128.83,60.12,683.3
811,YUKON TERRITORY,53339,WATSON LAKE A,-128.82,60.12,687.3
812,YUKON TERRITORY,8985,TESLIN (AUT),-132.73,60.17,705.0
813,YUKON TERRITORY,10194,DAWSON,-139.13,64.06,370.0
814,YUKON TERRITORY,8979,ROCK RIVER,-136.22,66.98,731.0
815,YUKON TERRITORY,1583,OTTER FALLS NCPC,-137.05,61.03,829.7
816,YUKON TERRITORY,26894,OLD CROW RCS,-139.84,67.57,251.2
817,YUKON TERRITORY,51426,MAYO A,-135.87,63.62,503.8
818,YUKON TERRITORY,27339,MACMILLAN PASS,-130.04,63.24,1379.0
819,YUKON TERRITORY,26869,IVVAVIK NAT. PARK,-140.15,69.16,243.8
820,YUKON TERRITORY,8964,FARO (AUT),-133.38,62.21,716.6
821,YUKON TERRITORY,27950,CARMACKS CS,-136.19,62.12,542.9
822,YUKON TERRITORY,51718,BURWASH AIRPORT AUTO,-139.02,61.37,807.0
823,YUKON TERRITORY,49650,BURWASH A,-139.04,61.37,805.3
824,BRITISH COLUMBIA,6845,DEASE LAKE (AUT),-130.03,58.43,800.67
825,BRITISH COLUMBIA,54098,FORT NELSON,-122.57,58.84,380.2
826,BRITISH COLUMBIA,50819,FORT NELSON A,-122.6,58.84,381.9
827,BRITISH COLUMBIA,49628,DEASE LAKE A,-130.03,58.42,802.8
828,BRITISH COLUMBIA,51517,MACKENZIE AIRPORT AUTO,-123.14,55.31,694.0
829,BRITISH COLUMBIA,48870,MACKENZIE,-123.13,55.3,690.1
830,BRITISH COLUMBIA,50837,FORT ST. JOHN A,-120.74,56.24,694.9
831,BRITISH COLUMBIA,48208,DAWSON CREEK A,-120.18,55.74,654.7
832,BRITISH COLUMBIA,1400,CHETWYND A,-121.63,55.69,609.6
833,BRITISH COLUMBIA,6844,YOHO PARK,-116.34,51.44,1602.0
834,BRITISH COLUMBIA,49548,REVELSTOKE AIRPORT AUTO,-118.18,50.96,444.7
835,BRITISH COLUMBIA,49492,REVELSTOKE A,-118.18,50.97,444.7
836,BRITISH COLUMBIA,1367,MICA DAM,-118.59,52.05,579.1
837,BRITISH COLUMBIA,54318,GOLDEN AIRPORT,-116.98,51.3,785.0
838,BRITISH COLUMBIA,1364,GOLDEN A,-116.98,51.3,784.9
839,BRITISH COLUMBIA,6843,SALMON ARM CS,-119.29,50.7,350.5
840,BRITISH COLUMBIA,1216,KAMLOOPS PRATT ROAD,-120.17,50.63,729.0
841,BRITISH COLUMBIA,1340,VAVENBY,-119.78,51.58,445.0
842,BRITISH COLUMBIA,1309,100 MILE HOUSE 6NE,-121.22,51.68,928.0
843,BRITISH COLUMBIA,42203,KAMLOOPS AUT,-120.44,50.7,345.0
844,BRITISH COLUMBIA,51423,KAMLOOPS A,-120.45,50.7,345.3
845,BRITISH COLUMBIA,53638,CLINTON RCS,-121.5,51.14,1059.0
846,BRITISH COLUMBIA,51558,CLINTON A,-121.68,51.27,1126.2
847,BRITISH COLUMBIA,52398,CLEARWATER AUTO,-120.08,51.65,438.0
848,BRITISH COLUMBIA,8214,BLUE RIVER CS,-119.29,52.13,682.8
849,BRITISH COLUMBIA,1237,BLUE RIVER A,-119.29,52.13,690.4
850,BRITISH COLUMBIA,48708,ASHCROFT,-121.28,50.71,327.0
851,BRITISH COLUMBIA,6842,SPARWOOD CS,-114.88,49.75,1136.7
852,BRITISH COLUMBIA,1180,FERNIE,-115.07,49.49,1001.0
853,BRITISH COLUMBIA,51818,CRANBROOK AIRPORT AUTO,-115.79,49.62,926.69
854,BRITISH COLUMBIA,50818,CRANBROOK A,-115.78,49.61,940.0
855,BRITISH COLUMBIA,1095,NELSON RIXEN CREEK,-117.4,49.51,760.0
856,BRITISH COLUMBIA,6838,CRESTON CAMPBELL SCIENTIFIC,-116.5,49.08,640.7
857,BRITISH COLUMBIA,31067,WARFIELD RCS,-117.74,49.11,566.9
858,BRITISH COLUMBIA,6839,NELSON CS,-117.31,49.49,534.9
859,BRITISH COLUMBIA,1142,NEW DENVER,-117.37,50.0,568.0
860,BRITISH COLUMBIA,1137,NELSON NE,-117.21,49.59,570.0
861,BRITISH COLUMBIA,6840,NAKUSP CS,-117.82,50.27,512.1
862,BRITISH COLUMBIA,1115,DUNCAN LAKE DAM,-116.97,50.24,548.6
863,BRITISH COLUMBIA,1106,CASTLEGAR BCHPA DAM,-117.77,49.34,435.0
864,BRITISH COLUMBIA,1105,CASTLEGAR A,-117.63,49.3,495.6
865,BRITISH COLUMBIA,1100,BILLINGS,-118.23,49.02,519.0
866,BRITISH COLUMBIA,1091,MIDWAY,-118.77,49.0,571.0
867,BRITISH COLUMBIA,979,SUMMERLAND CS,-119.65,49.56,454.2
868,BRITISH COLUMBIA,6834,PRINCETON CS,-120.51,49.47,696.5
869,BRITISH COLUMBIA,1070,VERNON SILVER STAR LODGE,-119.06,50.36,1585.6
870,BRITISH COLUMBIA,46987,VERNON AUTO,-119.19,50.22,482.0
871,BRITISH COLUMBIA,1056,PRINCETON A,-120.51,49.47,701.65
872,BRITISH COLUMBIA,50269,PENTICTON A,-119.6,49.46,344.4
873,BRITISH COLUMBIA,1046,PEACHLAND,-119.72,49.78,345.0
874,BRITISH COLUMBIA,1041,OSOYOOS CS,-119.44,49.03,282.9
875,BRITISH COLUMBIA,49408,MERRITT,-120.78,50.11,591.0
876,BRITISH COLUMBIA,51117,KELOWNA UBCO,-119.4,49.94,456.0
877,BRITISH COLUMBIA,48369,KELOWNA,-119.38,49.96,433.1
878,BRITISH COLUMBIA,27122,JELLICOE,-120.33,49.67,929.0
879,BRITISH COLUMBIA,44927,LYTTON RCS,-121.58,50.22,225.0
880,BRITISH COLUMBIA,51598,LYTTON A,-121.58,50.22,224.9
881,BRITISH COLUMBIA,27388,LILLOOET,-121.93,50.68,239.5
882,BRITISH COLUMBIA,951,HOPE SLIDE,-121.23,49.27,685.0
883,BRITISH COLUMBIA,50517,HOPE AIRPORT,-121.49,49.37,39.0
884,BRITISH COLUMBIA,49588,HOPE A,-121.5,49.37,39.0
885,BRITISH COLUMBIA,925,WHITE ROCK CAMPBELL SCIENTIFIC,-122.78,49.02,13.0
886,BRITISH COLUMBIA,924,WHISTLER ROUNDHOUSE,-122.95,50.07,1835.0
887,BRITISH COLUMBIA,6833,WEST VANCOUVER AUT,-123.19,49.35,170.21
888,BRITISH COLUMBIA,888,VANCOUVER HARBOUR CS,-123.12,49.3,2.5
889,BRITISH COLUMBIA,51442,VANCOUVER INTL A,-123.18,49.19,4.3
890,BRITISH COLUMBIA,51357,VANCOUVER SEA ISLAND CCG,-123.19,49.18,2.11
891,BRITISH COLUMBIA,837,RICHMOND NATURE PARK,-123.09,49.17,3.0
892,BRITISH COLUMBIA,834,PORT MOODY GLENAYRE,-122.88,49.28,129.5
893,BRITISH COLUMBIA,844,POINT ATKINSON,-123.26,49.33,14.0
894,BRITISH COLUMBIA,6830,PITT MEADOWS CS,-122.69,49.21,5.0
895,BRITISH COLUMBIA,823,N VANC GROUSE MTN RESORT,-123.08,49.38,1103.0
896,BRITISH COLUMBIA,810,MISSION WEST ABBEY,-122.27,49.15,197.0
897,BRITISH COLUMBIA,776,HANEY UBC RF ADMIN,-122.57,49.26,147.0
898,BRITISH COLUMBIA,43723,FORT LANGLEY TELEGRAPH TRAIL,-122.55,49.14,76.0
899,BRITISH COLUMBIA,766,DELTA TSAWWASSEN BEACH,-123.09,49.01,2.4
900,BRITISH COLUMBIA,49088,DELTA BURNS BOG,-123.0,49.13,3.11
901,BRITISH COLUMBIA,50368,CULTUS LAKE,-121.98,49.08,45.7
902,BRITISH COLUMBIA,747,CLOVERDALE EAST,-122.7,49.11,50.0
903,BRITISH COLUMBIA,43500,CALLAGHAN VALLEY,-123.11,50.14,884.0
904,BRITISH COLUMBIA,43443,WHISTLER - NESTERS,-122.95,50.13,659.0
905,BRITISH COLUMBIA,706,AGASSIZ RCS,-121.76,49.24,19.3
906,BRITISH COLUMBIA,50308,ABBOTSFORD A,-122.36,49.03,59.1
907,BRITISH COLUMBIA,50820,WILLIAMS LAKE A,-122.05,52.18,939.7
908,BRITISH COLUMBIA,650,SPOKIN LAKE 4E,-121.69,52.18,1033.0
909,BRITISH COLUMBIA,48108,QUESNEL AIRPORT AUTO,-122.51,53.03,545.3
910,BRITISH COLUMBIA,48688,QUESNEL,-122.51,53.03,545.0
911,BRITISH COLUMBIA,50169,PRINCE GEORGE MASSEY AUTO,-122.79,53.9,601.0
912,BRITISH COLUMBIA,48248,PRINCE GEORGE AIRPORT AUTO,-122.67,53.89,680.0
913,BRITISH COLUMBIA,48370,PRINCE GEORGE,-122.68,53.88,691.0
914,BRITISH COLUMBIA,51538,FORT ST JAMES AUTO,-124.29,54.46,688.0
915,BRITISH COLUMBIA,574,BURNS LAKE DECKER LAKE,-125.96,54.38,713.2
916,BRITISH COLUMBIA,568,BARKERVILLE,-121.51,53.07,1283.0
917,BRITISH COLUMBIA,30494,TATLAYOKO LAKE RCS,-124.4,51.67,875.0
918,BRITISH COLUMBIA,8092,PUNTZI MOUNTAIN (AUT),-124.14,52.11,909.8
919,BRITISH COLUMBIA,536,PEMBERTON AIRPORT CS,-122.73,50.31,204.31
920,BRITISH COLUMBIA,43963,OOTSA LAKESKINS LAKE CLIMATE,-126.0,53.77,861.0
921,BRITISH COLUMBIA,450,SUSKWA VALLEY,-127.17,55.29,534.0
922,BRITISH COLUMBIA,51658,SMITHERS AIRPORT AUTO,-127.19,54.82,517.6
923,BRITISH COLUMBIA,48628,SMITHERS,-127.18,54.83,523.0
924,BRITISH COLUMBIA,470,HOUSTON,-126.67,54.4,610.0
925,BRITISH COLUMBIA,446,TRIPLE ISLAND,-130.88,54.29,20.7
926,BRITISH COLUMBIA,51037,TERRACE A,-128.58,54.47,217.3
927,BRITISH COLUMBIA,442,TERRACE PCC,-128.62,54.5,67.0
928,BRITISH COLUMBIA,48693,PRINCE RUPERT,-130.44,54.29,35.4
929,BRITISH COLUMBIA,409,MCINNES ISLAND,-128.72,52.26,25.9
930,BRITISH COLUMBIA,54978,KITIMAT FOREST AVE,-128.63,54.05,98.0
931,BRITISH COLUMBIA,396,KEMANO,-127.94,53.56,66.0
932,BRITISH COLUMBIA,395,IVORY ISLAND,-128.41,52.27,9.8
933,BRITISH COLUMBIA,6823,HOLLAND ROCK,-130.36,54.17,5.5
934,BRITISH COLUMBIA,8259,HERBERT ISLAND (AUT),-127.63,50.94,13.5
935,BRITISH COLUMBIA,393,GREEN ISLAND,-130.71,54.57,11.9
936,BRITISH COLUMBIA,389,EGG ISLAND,-127.84,51.25,14.0
937,BRITISH COLUMBIA,387,DRYAD POINT,-128.11,52.19,3.5
938,BRITISH COLUMBIA,6822,CUMSHEWA ISLAND,-131.6,53.03,12.57
939,BRITISH COLUMBIA,8264,CATHEDRAL POINT (AUT),-127.47,52.19,26.4
940,BRITISH COLUMBIA,384,BONILLA ISLAND,-130.64,53.49,16.2
941,BRITISH COLUMBIA,383,BOAT BLUFF,-128.52,52.64,10.7
942,BRITISH COLUMBIA,54338,BELLA COOLA AIRPORT,-126.59,52.39,36.89
943,BRITISH COLUMBIA,49388,BELLA BELLA,-128.16,52.19,43.0
944,BRITISH COLUMBIA,374,ADDENBROKE ISLAND,-127.86,51.6,21.3
945,BRITISH COLUMBIA,48648,SANDSPIT,-131.81,53.25,6.4
946,BRITISH COLUMBIA,50108,SANDSPIT AIRPORT AUTO,-131.81,53.25,6.5
947,BRITISH COLUMBIA,8064,ROSE SPIT (AUT),-131.66,54.16,6.6
948,BRITISH COLUMBIA,6819,LANGARA ISLAND RCS,-133.06,54.26,46.9
949,BRITISH COLUMBIA,358,LANGARA,-133.06,54.26,42.69
950,BRITISH COLUMBIA,348,WHISTLER,-122.95,50.13,657.8
951,BRITISH COLUMBIA,336,SQUAMISH AIRPORT,-123.16,49.78,53.7
952,BRITISH COLUMBIA,45788,SECHELT AUT,-123.72,49.46,86.2
953,BRITISH COLUMBIA,45807,POWELL RIVER,-124.5,49.83,125.0
954,BRITISH COLUMBIA,327,POWELL RIVER A,-124.5,49.83,129.51
955,BRITISH COLUMBIA,45267,PORT MELLON,-123.5,49.53,125.1
956,BRITISH COLUMBIA,6817,HOWE SOUND - PAM ROCKS,-123.3,49.49,7.14
957,BRITISH COLUMBIA,320,MERRY ISLAND LIGHTSTATION,-123.91,49.47,7.2
958,BRITISH COLUMBIA,309,GIBSONS GOWER POINT,-123.54,49.39,34.0
959,BRITISH COLUMBIA,48888,ZEBALLOS MURAUDE CREEK,-126.78,50.05,103.0
960,BRITISH COLUMBIA,283,UCLUELET KENNEDY CAMP,-125.53,48.95,40.0
961,BRITISH COLUMBIA,277,TOFINO A,-125.77,49.08,24.45
962,BRITISH COLUMBIA,8260,SOLANDER ISLAND (AUT),-127.94,50.11,94.2
963,BRITISH COLUMBIA,8261,SARTINE ISLAND (AUT),-128.91,50.82,103.45
964,BRITISH COLUMBIA,8045,PORT ALBERNI (AUT),-124.93,49.32,76.2
965,BRITISH COLUMBIA,272,QUATSINO LIGHTSTATION,-128.03,50.44,21.0
966,BRITISH COLUMBIA,271,QUATSINO,-127.65,50.53,3.42
967,BRITISH COLUMBIA,262,PACHENA POINT,-125.1,48.72,37.0
968,BRITISH COLUMBIA,261,NOOTKA LIGHTSTATION,-126.62,49.6,15.8
969,BRITISH COLUMBIA,260,NITINAT RIVER HATCHERY,-124.66,48.86,14.9
970,BRITISH COLUMBIA,257,LENNARD ISLAND,-125.92,49.11,10.6
971,BRITISH COLUMBIA,8040,ESTEVAN POINT CS,-126.54,49.38,5.8
972,BRITISH COLUMBIA,244,ESTEVAN POINT,-126.54,49.38,5.8
973,BRITISH COLUMBIA,235,CAPE BEALE LIGHT,-125.22,48.79,25.9
974,BRITISH COLUMBIA,225,ALBERNI ROBERTSON CREEK,-124.98,49.34,73.75
975,BRITISH COLUMBIA,132,ENTRANCE ISLAND,-123.81,49.21,7.0
976,BRITISH COLUMBIA,209,QUINSAM RIVER HATCHERY,-125.3,50.02,45.7
977,BRITISH COLUMBIA,208,QUALICUM R FISH RESEARCH,-124.62,49.39,7.6
978,BRITISH COLUMBIA,45627,QUALICUM BEACH AIRPORT,-124.39,49.34,58.2
979,BRITISH COLUMBIA,51319,PORT HARDY A,-127.37,50.68,21.6
980,BRITISH COLUMBIA,29733,FANNY ISLAND,-125.99,50.45,5.2
981,BRITISH COLUMBIA,29411,ENTRANCE ISLAND,-123.81,49.21,7.6
982,BRITISH COLUMBIA,155,COMOX A,-124.9,49.72,25.6
983,BRITISH COLUMBIA,153,CHATHAM POINT,-125.45,50.33,22.9
984,BRITISH COLUMBIA,152,CAPE MUDGE,-125.2,50.0,4.6
985,BRITISH COLUMBIA,145,CAMPBELL RIVER A,-125.27,49.95,108.8
986,BRITISH COLUMBIA,138,BALLENAS ISLAND,-124.16,49.35,14.51
987,BRITISH COLUMBIA,51337,VICTORIA INTL A,-123.43,48.65,19.5
988,BRITISH COLUMBIA,114,VICTORIA GONZALES CS,-123.32,48.41,61.04
989,BRITISH COLUMBIA,6812,VICTORIA UNIVERSITY CS,-123.3,48.46,60.1
990,BRITISH COLUMBIA,6811,SHERINGHAM POINT,-123.92,48.38,6.9
991,BRITISH COLUMBIA,97,SHAWNIGAN LAKE,-123.63,48.65,159.0
992,BRITISH COLUMBIA,96,SATURNA ISLAND CS,-123.04,48.78,24.4
993,BRITISH COLUMBIA,6810,SATURNA CAPMON CS,-123.13,48.78,178.0
994,BRITISH COLUMBIA,54641,SAANICHTON CFIA,-123.42,48.62,61.0
995,BRITISH COLUMBIA,77,NORTH PENDER ISLAND,-123.29,48.76,98.0
996,BRITISH COLUMBIA,46728,NORTH COWICHAN,-123.72,48.82,44.8
997,BRITISH COLUMBIA,65,MALAHAT,-123.53,48.57,365.8
998,BRITISH COLUMBIA,52,ESQUIMALT HARBOUR,-123.44,48.43,3.0
999,BRITISH COLUMBIA,26,CHEMAINUS,-123.74,48.94,75.0
